<?xml version="1.0" encoding="UTF-8"?>
<project-private xmlns="http://www.netbeans.org/ns/project-private/1">
    <editor-bookmarks xmlns="http://www.netbeans.org/ns/editor-bookmarks/2" lastBookmarkId="0"/>
    <open-files xmlns="http://www.netbeans.org/ns/projectui-open-files/2">
        <group>
            <file>file:/C:/Users/fandybellamy/Documents/NetBeansProjects/UTS-43A87006160060/src/com/app/uts060/UTS060.java</file>
            <file>file:/C:/Users/fandybellamy/Documents/NetBeansProjects/UTS-43A87006160060/src/com/app/uts060/model/pasien.java</file>
            <file>file:/C:/Users/fandybellamy/Documents/NetBeansProjects/UTS-43A87006160060/src/com/app/uts060/pasiendatasource.java</file>
            <file>file:/C:/Users/fandybellamy/Documents/NetBeansProjects/UTS-43A87006160060/src/com/app/uts060/utility/databaseutility.java</file>
            <file>file:/C:/Users/fandybellamy/Documents/NetBeansProjects/UTS-43A87006160060/src/uts/pkg43a87006160060/UTS43A87006160060.java</file>
        </group>
    </open-files>
</project-private>
